{"training loss": 0.9019201993942261, "_timestamp": 1732634497.0927296, "_runtime": 9.443346500396729, "_step": 4, "_wandb": {"runtime": 8}}